date_played,home_team,home_points,away_team,away_points,point_margin,home_srs,away_srs
2022-12-22,New Orleans Pelicans,126,San Antonio Spurs,117,9,4.93,-9.12
2022-12-22,Utah Jazz,120,Washington Wizards,112,8,0.95,-2.31
2022-12-21,Cleveland Cavaliers,114,Milwaukee Bucks,106,8,5.46,2.75
2022-12-21,Philadelphia 76ers,113,Detroit Pistons,93,20,3.57,-6.57
2022-12-21,Atlanta Hawks,108,Chicago Bulls,110,-2,-0.43,-0.91
2022-12-21,Boston Celtics,112,Indiana Pacers,117,-5,6.11,-1.46
2022-12-21,Brooklyn Nets,143,Golden State Warriors,113,30,3.35,-0.6
2022-12-21,New York Knicks,106,Toronto Raptors,113,-7,2.59,1.11
2022-12-21,Houston Rockets,110,Orlando Magic,116,-6,-5.06,-2.56
2022-12-21,Minnesota Timberwolves,99,Dallas Mavericks,104,-5,-1.43,2.45
2022-12-21,Oklahoma City Thunder,101,Portland Trailblazers,98,3,-0.92,0.08
2022-12-21,Sacramento Kings,134,Los Angeles Lakers,120,14,1.49,-2.49
2022-12-21,Los Angeles Clippers,126,Charlotte Hornets,105,21,-0.89,-6.74
2022-12-20,Detroit Pistons,111,Utah Jazz,126,-15,-6.57,0.95
2022-12-20,Miami Heat,103,Chicago Bulls,113,-10,-1.78,-0.91
2022-12-20,New York Knicks,132,Golden State Warriors,94,38,2.59,-0.6
2022-12-20,Phoenix Suns,110,Washington Wizards,113,-3,3.75,-2.31
2022-12-20,Denver Nuggets,105,Memphis Grizzlies,91,14,1.05,4.2
2022-12-19,Cleveland Cavaliers,122,Utah Jazz,99,23,5.46,0.95
2022-12-19,Philadelphia 76ers,104,Toronto Raptors,101,3,3.57,1.11
2022-12-19,Atlanta Hawks,126,Orlando Magic,125,1,-0.43,-2.56
2022-12-19,Houston Rockets,105,San Antonio Spurs,124,-19,-5.06,-9.12
2022-12-19,Minnesota Timberwolves,116,Dallas Mavericks,106,10,-1.43,2.45
2022-12-19,New Orleans Pelicans,119,Milwaukee Bucks,128,-9,4.93,2.75
2022-12-19,Oklahoma City Thunder,123,Portland Trailblazers,121,2,-0.92,0.08
2022-12-19,Phoenix Suns,130,Los Angeles Lakers,104,26,3.75,-2.49
2022-12-19,Sacramento Kings,119,Charlotte Hornets,125,-6,1.49,-6.74
2022-12-18,Boston Celtics,92,Orlando Magic,95,-3,6.11,-2.56
2022-12-18,Indiana Pacers,106,New York Knicks,109,-3,-1.46,2.59
2022-12-18,Detroit Pistons,121,Brooklyn Nets,124,-3,-6.57,3.35
2022-12-18,Toronto Raptors,110,Golden State Warriors,126,-16,1.11,-0.6
2022-12-18,Minnesota Timberwolves,150,Chicago Bulls,126,24,-1.43,-0.91
2022-12-18,Denver Nuggets,119,Charlotte Hornets,115,4,1.05,-6.74
2022-12-18,Los Angeles Lakers,119,Washington Wizards,117,2,-2.49,-2.31
2022-12-17,Los Angeles Clippers,102,Washington Wizards,93,9,-0.89,-2.31
2022-12-17,San Antonio Spurs,101,Miami Heat,111,-10,-9.12,-1.78
2022-12-17,Cleveland Cavaliers,100,Dallas Mavericks,99,1,5.46,2.45
2022-12-17,Houston Rockets,95,Portland Trailblazers,107,-12,-5.06,0.08
2022-12-17,Milwaukee Bucks,123,Utah Jazz,97,26,2.75,0.95
2022-12-17,Oklahoma City Thunder,115,Memphis Grizzlies,109,6,-0.92,4.2
2022-12-17,Phoenix Suns,118,New Orleans Pelicans,114,4,3.75,4.93
2022-12-16,Charlotte Hornets,106,Atlanta Hawks,125,-19,-6.74,-0.43
2022-12-16,Detroit Pistons,113,Sacramento Kings,122,-9,-6.57,1.49
2022-12-16,Boston Celtics,109,Orlando Magic,117,-8,6.11,-2.56
2022-12-16,Cleveland Cavaliers,118,Indiana Pacers,112,6,5.46,-1.46
2022-12-16,Philadelphia 76ers,118,Golden State Warriors,106,12,3.57,-0.6
2022-12-16,Toronto Raptors,116,Brooklyn Nets,119,-3,1.11,3.35
2022-12-16,Chicago Bulls,91,New York Knicks,114,-23,-0.91,2.59
2022-12-16,Oklahoma City Thunder,110,Minnesota Timberwolves,112,-2,-0.92,-1.43
2022-12-16,Dallas Mavericks,130,Portland Trailblazers,110,20,2.45,0.08
2022-12-16,Los Angeles Lakers,126,Denver Nuggets,108,18,-2.49,1.05
2022-12-15,Houston Rockets,108,Miami Heat,111,-3,-5.06,-1.78
2022-12-15,Memphis Grizzlies,142,Milwaukee Bucks,101,41,4.2,2.75
2022-12-15,Utah Jazz,132,New Orleans Pelicans,129,3,0.95,4.93
2022-12-15,Los Angeles Clippers,95,Phoenix Suns,111,-16,-0.89,3.75
2022-12-14,Charlotte Hornets,134,Detroit Pistons,141,-7,-6.74,-6.57
2022-12-14,Indiana Pacers,125,Golden State Warriors,119,6,-1.46,-0.6
2022-12-14,Orlando Magic,135,Atlanta Hawks,124,11,-2.56,-0.43
2022-12-14,Toronto Raptors,123,Sacramento Kings,124,-1,1.11,1.49
2022-12-14,Chicago Bulls,120,New York Knicks,128,-8,-0.91,2.59
2022-12-14,Oklahoma City Thunder,108,Miami Heat,110,-2,-0.92,-1.78
2022-12-14,San Antonio Spurs,112,Portland Trailblazers,128,-16,-9.12,0.08
2022-12-14,Dallas Mavericks,90,Cleveland Cavaliers,105,-15,2.45,5.46
2022-12-14,Denver Nuggets,141,Washington Wizards,128,13,1.05,-2.31
2022-12-14,Los Angeles Clippers,99,Minnesota Timberwolves,88,11,-0.89,-1.43
2022-12-13,Philadelphia 76ers,123,Sacramento Kings,103,20,3.57,1.49
2022-12-13,Milwaukee Bucks,128,Golden State Warriors,111,17,2.75,-0.6
2022-12-13,Houston Rockets,111,Phoenix Suns,97,14,-5.06,3.75
2022-12-13,Utah Jazz,121,New Orleans Pelicans,100,21,0.95,4.93
2022-12-13,Los Angeles Lakers,118,Boston Celtics,122,-4,-2.49,6.11
2022-12-12,Indiana Pacers,82,Miami Heat,87,-5,-1.46,-1.78
2022-12-12,Washington Wizards,100,Brooklyn Nets,112,-12,-2.31,3.35
2022-12-12,Memphis Grizzlies,128,Atlanta Hawks,103,25,4.2,-0.43
2022-12-12,Dallas Mavericks,121,Oklahoma City Thunder,114,7,2.45,-0.92
2022-12-12,San Antonio Spurs,112,Cleveland Cavaliers,111,1,-9.12,5.46
2022-12-12,Portland Trailblazers,133,Minnesota Timberwolves,112,21,0.08,-1.43
2022-12-12,Los Angeles Clippers,113,Boston Celtics,93,20,-0.89,6.11
2022-12-11,New Orleans Pelicans,129,Phoenix Suns,124,5,4.93,3.75
2022-12-11,Detroit Pistons,117,Los Angeles Lakers,124,-7,-6.57,-2.49
2022-12-11,New York Knicks,112,Sacramento Kings,99,13,2.59,1.49
2022-12-11,Orlando Magic,111,Toronto Raptors,99,12,-2.56,1.11
2022-12-11,Philadelphia 76ers,131,Charlotte Hornets,113,18,3.57,-6.74
2022-12-11,Atlanta Hawks,123,Chicago Bulls,122,1,-0.43,-0.91
2022-12-11,Houston Rockets,97,Milwaukee Bucks,92,5,-5.06,2.75
2022-12-10,Miami Heat,111,San Antonio Spurs,115,-4,-1.78,-9.12
2022-12-10,Indiana Pacers,133,Brooklyn Nets,136,-3,-1.46,3.35
2022-12-10,Washington Wizards,107,Los Angeles Clippers,114,-7,-2.31,-0.89
2022-12-10,Cleveland Cavaliers,110,Oklahoma City Thunder,102,8,5.46,-0.92
2022-12-10,Chicago Bulls,144,Dallas Mavericks,115,29,-0.91,2.45
2022-12-10,Golden State Warriors,123,Boston Celtics,107,16,-0.6,6.11
2022-12-10,Denver Nuggets,115,Utah Jazz,110,5,1.05,0.95
2022-12-10,Portland Trailblazers,124,Minnesota Timberwolves,118,6,0.08,-1.43
2022-12-09,Charlotte Hornets,102,New York Knicks,121,-19,-6.74,2.59
2022-12-09,Indiana Pacers,121,Washington Wizards,111,10,-1.46,-2.31
2022-12-09,Orlando Magic,113,Toronto Raptors,109,4,-2.56,1.11
2022-12-09,Brooklyn Nets,120,Atlanta Hawks,116,4,3.35,-0.43
2022-12-09,Cleveland Cavaliers,95,Sacramento Kings,106,-11,5.46,1.49
2022-12-09,Philadelphia 76ers,133,Los Angeles Lakers,122,11,3.57,-2.49
2022-12-09,Memphis Grizzlies,114,Detroit Pistons,103,11,4.2,-6.57
2022-12-09,New Orleans Pelicans,128,Phoenix Suns,117,11,4.93,3.75
2022-12-09,Utah Jazz,108,Minnesota Timberwolves,118,-10,0.95,-1.43
2022-12-09,Dallas Mavericks,105,Milwaukee Bucks,106,-1,2.45,2.75
2022-12-08,Miami Heat,115,Los Angeles Clippers,110,5,-1.78,-0.89
2022-12-08,San Antonio Spurs,118,Houston Rockets,109,9,-9.12,-5.06
2022-12-08,Portland Trailblazers,120,Denver Nuggets,121,-1,0.08,1.05
2022-12-07,Orlando Magic,116,Los Angeles Clippers,111,5,-2.56,-0.89
2022-12-07,Brooklyn Nets,122,Charlotte Hornets,116,6,3.35,-6.74
2022-12-07,New York Knicks,113,Atlanta Hawks,89,24,2.59,-0.43
2022-12-07,Toronto Raptors,126,Los Angeles Lakers,113,13,1.11,-2.49
2022-12-07,Chicago Bulls,115,Washington Wizards,111,4,-0.91,-2.31
2022-12-07,Memphis Grizzlies,123,Oklahoma City Thunder,102,21,4.2,-0.92
2022-12-07,Milwaukee Bucks,126,Sacramento Kings,113,13,2.75,1.49
2022-12-07,Minnesota Timberwolves,121,Indiana Pacers,115,6,-1.43,-1.46
2022-12-07,New Orleans Pelicans,104,Detroit Pistons,98,6,4.93,-6.57
2022-12-07,Utah Jazz,124,Golden State Warriors,123,1,0.95,-0.6
2022-12-07,Phoenix Suns,98,Boston Celtics,125,-27,3.75,6.11
2022-12-06,Cleveland Cavaliers,116,Los Angeles Lakers,102,14,5.46,-2.49
2022-12-06,Miami Heat,96,Detroit Pistons,116,-20,-1.78,-6.57
2022-12-06,Denver Nuggets,115,Dallas Mavericks,116,-1,1.05,2.45
2022-12-05,Charlotte Hornets,117,Los Angeles Clippers,119,-2,-6.74,-0.89
2022-12-05,Orlando Magic,102,Milwaukee Bucks,109,-7,-2.56,2.75
2022-12-05,Atlanta Hawks,114,Oklahoma City Thunder,121,-7,-0.43,-0.92
2022-12-05,Toronto Raptors,110,Boston Celtics,116,-6,1.11,6.11
2022-12-05,Houston Rockets,132,Philadelphia 76ers,123,9,-5.06,3.57
2022-12-05,Memphis Grizzlies,101,Miami Heat,93,8,4.2,-1.78
2022-12-05,Dallas Mavericks,130,Phoenix Suns,111,19,2.45,3.75
2022-12-05,Golden State Warriors,104,Indiana Pacers,112,-8,-0.6,-1.46
2022-12-04,New Orleans Pelicans,121,Denver Nuggets,106,15,4.93,1.05
2022-12-04,San Antonio Spurs,95,Phoenix Suns,133,-38,-9.12,3.75
2022-12-04,Brooklyn Nets,92,Boston Celtics,103,-11,3.35,6.11
2022-12-04,Detroit Pistons,112,Memphis Grizzlies,122,-10,-6.57,4.2
2022-12-04,New York Knicks,92,Cleveland Cavaliers,81,11,2.59,5.46
2022-12-04,Washington Wizards,119,Los Angeles Lakers,130,-11,-2.31,-2.49
2022-12-04,Sacramento Kings,110,Chicago Bulls,101,9,1.49,-0.91
2022-12-04,Portland Trailblazers,116,Indiana Pacers,100,16,0.08,-1.46
2022-12-03,New York Knicks,100,Dallas Mavericks,121,-21,2.59,2.45
2022-12-03,Los Angeles Clippers,96,Sacramento Kings,123,-27,-0.89,1.49
2022-12-03,Charlotte Hornets,96,Milwaukee Bucks,105,-9,-6.74,2.75
2022-12-03,Toronto Raptors,121,Orlando Magic,108,13,1.11,-2.56
2022-12-03,Minnesota Timberwolves,128,Oklahoma City Thunder,135,-7,-1.43,-0.92
2022-12-03,Golden State Warriors,120,Houston Rockets,101,19,-0.6,-5.06
2022-12-03,Utah Jazz,111,Portland Trailblazers,116,-5,0.95,0.08
2022-12-02,Charlotte Hornets,117,Washington Wizards,116,1,-6.74,-2.31
2022-12-02,Atlanta Hawks,117,Denver Nuggets,109,8,-0.43,1.05
2022-12-02,Boston Celtics,116,Miami Heat,120,-4,6.11,-1.78
2022-12-02,Brooklyn Nets,114,Toronto Raptors,105,9,3.35,1.11
2022-12-02,Cleveland Cavaliers,107,Orlando Magic,96,11,5.46,-2.56
2022-12-02,Milwaukee Bucks,129,Los Angeles Lakers,133,-4,2.75,-2.49
2022-12-02,Memphis Grizzlies,117,Philadelphia 76ers,109,8,4.2,3.57
2022-12-02,San Antonio Spurs,99,New Orleans Pelicans,117,-18,-9.12,4.93
2022-12-02,Phoenix Suns,121,Houston Rockets,122,-1,3.75,-5.06
2022-12-02,Utah Jazz,139,Indiana Pacers,119,20,0.95,-1.46
2022-12-02,Golden State Warriors,119,Chicago Bulls,111,8,-0.6,-0.91
2022-12-01,Detroit Pistons,131,Dallas Mavericks,125,6,-6.57,2.45
2022-11-30,Cleveland Cavaliers,113,Philadelphia 76ers,85,28,5.46,3.57
2022-11-30,Orlando Magic,108,Atlanta Hawks,125,-17,-2.56,-0.43
2022-11-30,Boston Celtics,134,Miami Heat,121,13,6.11,-1.78
2022-11-30,Brooklyn Nets,113,Washington Wizards,107,6,3.35,-2.31
2022-11-30,New York Knicks,103,Milwaukee Bucks,109,-6,2.59,2.75
2022-11-30,Minnesota Timberwolves,109,Memphis Grizzlies,101,8,-1.43,4.2
2022-11-30,New Orleans Pelicans,126,Toronto Raptors,108,18,4.93,1.11
2022-11-30,Oklahoma City Thunder,119,San Antonio Spurs,111,8,-0.92,-9.12
2022-11-30,Denver Nuggets,120,Houston Rockets,100,20,1.05,-5.06
2022-11-30,Phoenix Suns,132,Chicago Bulls,113,19,3.75,-0.91
2022-11-30,Utah Jazz,125,Los Angeles Clippers,112,13,0.95,-0.89
2022-11-30,Sacramento Kings,137,Indiana Pacers,114,23,1.49,-1.46
2022-11-30,Los Angeles Lakers,128,Portland Trailblazers,109,19,-2.49,0.08
2022-11-29,Detroit Pistons,110,New York Knicks,140,-30,-6.57,2.59
2022-11-29,Dallas Mavericks,116,Golden State Warriors,113,3,2.45,-0.6
2022-11-29,Portland Trailblazers,112,Los Angeles Clippers,118,-6,0.08,-0.89
2022-11-28,Philadelphia 76ers,104,Atlanta Hawks,101,3,3.57,-0.43
2022-11-28,Washington Wizards,142,Minnesota Timberwolves,127,15,-2.31,-1.43
2022-11-28,Boston Celtics,140,Charlotte Hornets,105,35,6.11,-6.74
2022-11-28,Brooklyn Nets,109,Orlando Magic,102,7,3.35,-2.56
2022-11-28,Toronto Raptors,100,Cleveland Cavaliers,88,12,1.11,5.46
2022-11-28,New Orleans Pelicans,105,Oklahoma City Thunder,101,4,4.93,-0.92
2022-11-28,Denver Nuggets,129,Houston Rockets,113,16,1.05,-5.06
2022-11-28,Utah Jazz,107,Chicago Bulls,114,-7,0.95,-0.91
2022-11-28,Sacramento Kings,117,Phoenix Suns,122,-5,1.49,3.75
2022-11-28,Los Angeles Lakers,115,Indiana Pacers,116,-1,-2.49,-1.46
2022-11-27,Brooklyn Nets,111,Portland Trailblazers,97,14,3.35,0.08
2022-11-27,Minnesota Timberwolves,114,Golden State Warriors,137,-23,-1.43,-0.6
2022-11-27,Los Angeles Clippers,114,Indiana Pacers,100,14,-0.89,-1.46
2022-11-27,Atlanta Hawks,98,Miami Heat,106,-8,-0.43,-1.78
2022-11-27,Boston Celtics,130,Washington Wizards,121,9,6.11,-2.31
2022-11-27,Detroit Pistons,94,Cleveland Cavaliers,102,-8,-6.57,5.46
2022-11-27,New York Knicks,123,Memphis Grizzlies,127,-4,2.59,4.2
2022-11-27,Orlando Magic,103,Philadelphia 76ers,133,-30,-2.56,3.57
2022-11-27,Milwaukee Bucks,124,Dallas Mavericks,115,9,2.75,2.45
2022-11-26,Toronto Raptors,105,Dallas Mavericks,100,5,1.11,2.45
2022-11-26,Houston Rockets,118,Oklahoma City Thunder,105,13,-5.06,-0.92
2022-11-26,San Antonio Spurs,138,Los Angeles Lakers,143,-5,-9.12,-2.49
2022-11-26,Phoenix Suns,113,Utah Jazz,112,1,3.75,0.95
2022-11-25,Charlotte Hornets,110,Minnesota Timberwolves,108,2,-6.74,-1.43
2022-11-25,Orlando Magic,99,Philadelphia 76ers,107,-8,-2.56,3.57
2022-11-25,New York Knicks,129,Portland Trailblazers,132,-3,2.59,0.08
2022-11-25,Boston Celtics,122,Sacramento Kings,104,18,6.11,1.49
2022-11-25,Indiana Pacers,128,Brooklyn Nets,117,11,-1.46,3.35
2022-11-25,Miami Heat,110,Washington Wizards,107,3,-1.78,-2.31
2022-11-25,Houston Rockets,128,Atlanta Hawks,122,6,-5.06,-0.43
2022-11-25,Memphis Grizzlies,132,New Orleans Pelicans,111,21,4.2,4.93
2022-11-25,Milwaukee Bucks,117,Cleveland Cavaliers,102,15,2.75,5.46
2022-11-25,Oklahoma City Thunder,123,Chicago Bulls,119,4,-0.92,-0.91
2022-11-25,San Antonio Spurs,94,Los Angeles Lakers,105,-11,-9.12,-2.49
2022-11-25,Phoenix Suns,108,Detroit Pistons,102,6,3.75,-6.57
2022-11-25,Golden State Warriors,129,Utah Jazz,118,11,-0.6,0.95
2022-11-25,Los Angeles Clippers,104,Denver Nuggets,114,-10,-0.89,1.05
2022-11-23,Charlotte Hornets,107,Philadelphia 76ers,101,6,-6.74,3.57
2022-11-23,Cleveland Cavaliers,114,Portland Trailblazers,96,18,5.46,0.08
2022-11-23,Indiana Pacers,101,Minnesota Timberwolves,115,-14,-1.46,-1.43
2022-11-23,Atlanta Hawks,115,Sacramento Kings,106,9,-0.43,1.49
2022-11-23,Boston Celtics,125,Dallas Mavericks,112,13,6.11,2.45
2022-11-23,Miami Heat,113,Washington Wizards,105,8,-1.78,-2.31
2022-11-23,Toronto Raptors,98,Brooklyn Nets,112,-14,1.11,3.35
2022-11-23,Milwaukee Bucks,113,Chicago Bulls,118,-5,2.75,-0.91
2022-11-23,Oklahoma City Thunder,126,Denver Nuggets,131,-5,-0.92,1.05
2022-11-23,San Antonio Spurs,110,New Orleans Pelicans,129,-19,-9.12,4.93
2022-11-23,Utah Jazz,116,Detroit Pistons,125,-9,0.95,-6.57
2022-11-23,Golden State Warriors,124,Los Angeles Clippers,107,17,-0.6,-0.89
2022-11-22,Philadelphia 76ers,115,Brooklyn Nets,106,9,3.57,3.35
2022-11-22,Memphis Grizzlies,109,Sacramento Kings,113,-4,4.2,1.49
2022-11-22,Denver Nuggets,108,Detroit Pistons,110,-2,1.05,-6.57
2022-11-22,Phoenix Suns,115,Los Angeles Lakers,105,10,3.75,-2.49
2022-11-21,Cleveland Cavaliers,114,Atlanta Hawks,102,12,5.46,-0.43
2022-11-21,Indiana Pacers,123,Orlando Magic,102,21,-1.46,-2.56
2022-11-21,Chicago Bulls,121,Boston Celtics,107,14,-0.91,6.11
2022-11-21,Milwaukee Bucks,119,Portland Trailblazers,111,8,2.75,0.08
2022-11-21,Minnesota Timberwolves,105,Miami Heat,101,4,-1.43,-1.78
2022-11-21,New Orleans Pelicans,128,Golden State Warriors,83,45,4.93,-0.6
2022-11-21,Oklahoma City Thunder,119,New York Knicks,129,-10,-0.92,2.59
2022-11-21,Los Angeles Clippers,121,Utah Jazz,114,7,-0.89,0.95
2022-11-20,Phoenix Suns,116,New York Knicks,95,21,3.75,2.59
2022-11-20,Washington Wizards,106,Charlotte Hornets,102,4,-2.31,-6.74
2022-11-20,Sacramento Kings,137,Detroit Pistons,129,8,1.49,-6.57
2022-11-20,Brooklyn Nets,127,Memphis Grizzlies,115,12,3.35,4.2
2022-11-20,Cleveland Cavaliers,113,Miami Heat,87,26,5.46,-1.78
2022-11-20,Houston Rockets,120,Golden State Warriors,127,-7,-5.06,-0.6
2022-11-20,Dallas Mavericks,97,Denver Nuggets,98,-1,2.45,1.05
2022-11-20,Los Angeles Lakers,123,San Antonio Spurs,92,31,-2.49,-9.12
2022-11-19,Atlanta Hawks,124,Toronto Raptors,122,2,-0.43,1.11
2022-11-19,Philadelphia 76ers,109,Minnesota Timberwolves,112,-3,3.57,-1.43
2022-11-19,Portland Trailblazers,113,Utah Jazz,118,-5,0.08,0.95
2022-11-19,Los Angeles Clippers,119,San Antonio Spurs,97,22,-0.89,-9.12
2022-11-18,Washington Wizards,107,Miami Heat,106,1,-2.31,-1.78
2022-11-18,Cleveland Cavaliers,132,Charlotte Hornets,122,10,5.46,-6.74
2022-11-18,Philadelphia 76ers,110,Milwaukee Bucks,102,8,3.57,2.75
2022-11-18,Chicago Bulls,107,Orlando Magic,108,-1,-0.91,-2.56
2022-11-18,Houston Rockets,91,Indiana Pacers,99,-8,-5.06,-1.46
2022-11-18,Memphis Grizzlies,121,Oklahoma City Thunder,110,11,4.2,-0.92
2022-11-18,Dallas Mavericks,127,Denver Nuggets,99,28,2.45,1.05
2022-11-18,New Orleans Pelicans,109,Boston Celtics,117,-8,4.93,6.11
2022-11-18,Utah Jazz,134,Phoenix Suns,133,1,0.95,3.75
2022-11-18,Golden State Warriors,111,New York Knicks,101,10,-0.6,2.59
2022-11-18,Los Angeles Lakers,128,Detroit Pistons,121,7,-2.49,-6.57
2022-11-17,Portland Trailblazers,107,Brooklyn Nets,109,-2,0.08,3.35
2022-11-17,Sacramento Kings,130,San Antonio Spurs,112,18,1.49,-9.12
2022-11-17,Los Angeles Clippers,96,Detroit Pistons,91,5,-0.89,-6.57
2022-11-16,Charlotte Hornets,113,Indiana Pacers,125,-12,-6.74,-1.46
2022-11-16,Orlando Magic,108,Minnesota Timberwolves,126,-18,-2.56,-1.43
2022-11-16,Washington Wizards,120,Oklahoma City Thunder,121,-1,-2.31,-0.92
2022-11-16,Atlanta Hawks,101,Boston Celtics,126,-25,-0.43,6.11
2022-11-16,Toronto Raptors,112,Miami Heat,104,8,1.11,-1.78
2022-11-16,Milwaukee Bucks,113,Cleveland Cavaliers,98,15,2.75,5.46
2022-11-16,New Orleans Pelicans,124,Chicago Bulls,110,14,4.93,-0.91
2022-11-16,Dallas Mavericks,92,Houston Rockets,101,-9,2.45,-5.06
2022-11-16,Denver Nuggets,103,New York Knicks,106,-3,1.05,2.59
2022-11-16,Phoenix Suns,130,Golden State Warriors,119,11,3.75,-0.6
2022-11-15,New Orleans Pelicans,113,Memphis Grizzlies,102,11,4.93,4.2
2022-11-15,Dallas Mavericks,103,Los Angeles Clippers,101,2,2.45,-0.89
2022-11-15,Utah Jazz,111,New York Knicks,118,-7,0.95,2.59
2022-11-15,Portland Trailblazers,117,San Antonio Spurs,110,7,0.08,-9.12
2022-11-15,Sacramento Kings,153,Brooklyn Nets,121,32,1.49,3.35
2022-11-14,Detroit Pistons,111,Toronto Raptors,115,-4,-6.57,1.11
2022-11-14,Orlando Magic,105,Charlotte Hornets,112,-7,-2.56,-6.74
2022-11-14,Boston Celtics,126,Oklahoma City Thunder,122,4,6.11,-0.92
2022-11-14,Miami Heat,113,Phoenix Suns,112,1,-1.78,3.75
2022-11-14,Houston Rockets,106,Los Angeles Clippers,122,-16,-5.06,-0.89
2022-11-14,Milwaukee Bucks,106,Atlanta Hawks,121,-15,2.75,-0.43
2022-11-14,Golden State Warriors,132,San Antonio Spurs,95,37,-0.6,-9.12
2022-11-13,New York Knicks,135,Oklahoma City Thunder,145,-10,2.59,-0.92
2022-11-13,Cleveland Cavaliers,124,Minnesota Timberwolves,129,-5,5.46,-1.43
2022-11-13,Washington Wizards,102,Memphis Grizzlies,92,10,-2.31,4.2
2022-11-13,Philadelphia 76ers,105,Utah Jazz,98,7,3.57,0.95
2022-11-13,Chicago Bulls,103,Denver Nuggets,126,-23,-0.91,1.05
2022-11-13,Sacramento Kings,122,Golden State Warriors,115,7,1.49,-0.6
2022-11-13,Los Angeles Lakers,116,Brooklyn Nets,103,13,-2.49,3.35
2022-11-12,Los Angeles Clippers,95,Brooklyn Nets,110,-15,-0.89,3.35
2022-11-12,Washington Wizards,121,Utah Jazz,112,9,-2.31,0.95
2022-11-12,Detroit Pistons,108,Boston Celtics,117,-9,-6.57,6.11
2022-11-12,Indiana Pacers,118,Toronto Raptors,104,14,-1.46,1.11
2022-11-12,Philadelphia 76ers,121,Atlanta Hawks,109,12,3.57,-0.43
2022-11-12,Miami Heat,132,Charlotte Hornets,115,17,-1.78,-6.74
2022-11-12,Dallas Mavericks,117,Portland Trailblazers,112,5,2.45,0.08
2022-11-12,New Orleans Pelicans,119,Houston Rockets,106,13,4.93,-5.06
2022-11-11,Boston Celtics,131,Denver Nuggets,112,19,6.11,1.05
2022-11-11,Orlando Magic,114,Phoenix Suns,97,17,-2.56,3.75
2022-11-11,New York Knicks,121,Detroit Pistons,112,9,2.59,-6.57
2022-11-11,Oklahoma City Thunder,132,Toronto Raptors,113,19,-0.92,1.11
2022-11-11,San Antonio Spurs,111,Milwaukee Bucks,93,18,-9.12,2.75
2022-11-11,Memphis Grizzlies,114,Minnesota Timberwolves,103,11,4.2,-1.43
2022-11-11,Golden State Warriors,106,Cleveland Cavaliers,101,5,-0.6,5.46
2022-11-11,Los Angeles Lakers,114,Sacramento Kings,120,-6,-2.49,1.49
2022-11-10,Washington Wizards,113,Dallas Mavericks,105,8,-2.31,2.45
2022-11-10,Atlanta Hawks,104,Philadelphia 76ers,95,9,-0.43,3.57
2022-11-10,Miami Heat,117,Charlotte Hornets,112,5,-1.78,-6.74
2022-11-10,New Orleans Pelicans,95,Portland Trailblazers,106,-11,4.93,0.08
2022-11-09,Orlando Magic,94,Dallas Mavericks,87,7,-2.56,2.45
2022-11-09,Charlotte Hornets,95,Portland Trailblazers,105,-10,-6.74,0.08
2022-11-09,Indiana Pacers,119,Denver Nuggets,122,-3,-1.46,1.05
2022-11-09,Atlanta Hawks,119,Utah Jazz,125,-6,-0.43,0.95
2022-11-09,Boston Celtics,128,Detroit Pistons,112,16,6.11,-6.57
2022-11-09,Brooklyn Nets,112,New York Knicks,85,27,3.35,2.59
2022-11-09,Toronto Raptors,116,Houston Rockets,109,7,1.11,-5.06
2022-11-09,Chicago Bulls,111,New Orleans Pelicans,115,-4,-0.91,4.93
2022-11-09,Minnesota Timberwolves,117,Phoenix Suns,129,-12,-1.43,3.75
2022-11-09,Oklahoma City Thunder,132,Milwaukee Bucks,136,-4,-0.92,2.75
2022-11-09,San Antonio Spurs,122,Memphis Grizzlies,124,-2,-9.12,4.2
2022-11-09,Los Angeles Clippers,114,Los Angeles Lakers,101,13,-0.89,-2.49
2022-11-09,Sacramento Kings,127,Cleveland Cavaliers,120,7,1.49,5.46
2022-11-07,Charlotte Hornets,100,Washington Wizards,108,-8,-6.74,-2.31
2022-11-07,Orlando Magic,127,Houston Rockets,134,-7,-2.56,-5.06
2022-11-07,Detroit Pistons,112,Oklahoma City Thunder,103,9,-6.57,-0.92
2022-11-07,Indiana Pacers,129,New Orleans Pelicans,122,7,-1.46,4.93
2022-11-07,Philadelphia 76ers,100,Phoenix Suns,88,12,3.57,3.75
2022-11-07,Atlanta Hawks,117,Milwaukee Bucks,98,19,-0.43,2.75
2022-11-07,Miami Heat,107,Portland Trailblazers,110,-3,-1.78,0.08
2022-11-07,Chicago Bulls,111,Toronto Raptors,97,14,-0.91,1.11
2022-11-07,Memphis Grizzlies,106,Boston Celtics,109,-3,4.2,6.11
2022-11-07,Minnesota Timberwolves,107,New York Knicks,120,-13,-1.43,2.59
2022-11-07,San Antonio Spurs,109,Denver Nuggets,115,-6,-9.12,1.05
2022-11-07,Dallas Mavericks,96,Brooklyn Nets,94,2,2.45,3.35
2022-11-07,Golden State Warriors,116,Sacramento Kings,113,3,-0.6,1.49
2022-11-07,Utah Jazz,139,Los Angeles Lakers,116,23,0.95,-2.49
2022-11-07,Los Angeles Clippers,119,Cleveland Cavaliers,117,2,-0.89,5.46
2022-11-06,Los Angeles Lakers,100,Cleveland Cavaliers,114,-14,-2.49,5.46
2022-11-06,Toronto Raptors,113,Chicago Bulls,104,9,1.11,-0.91
2022-11-06,Memphis Grizzlies,103,Washington Wizards,97,6,4.2,-2.31
2022-11-06,Los Angeles Clippers,102,Utah Jazz,110,-8,-0.89,0.95
2022-11-05,Orlando Magic,123,Sacramento Kings,126,-3,-2.56,1.49
2022-11-05,Charlotte Hornets,94,Brooklyn Nets,98,-4,-6.74,3.35
2022-11-05,Atlanta Hawks,124,New Orleans Pelicans,121,3,-0.43,4.93
2022-11-05,New York Knicks,118,Boston Celtics,133,-15,2.59,6.11
2022-11-05,Milwaukee Bucks,108,Oklahoma City Thunder,94,14,2.75,-0.92
2022-11-05,Minnesota Timberwolves,129,Houston Rockets,117,12,-1.43,-5.06
2022-11-05,Denver Nuggets,126,San Antonio Spurs,101,25,1.05,-9.12
2022-11-05,Phoenix Suns,102,Portland Trailblazers,82,20,3.75,0.08
2022-11-04,Detroit Pistons,88,Cleveland Cavaliers,112,-24,-6.57,5.46
2022-11-04,Indiana Pacers,101,Miami Heat,99,2,-1.46,-1.78
2022-11-04,Philadelphia 76ers,104,New York Knicks,106,-2,3.57,2.59
2022-11-04,Washington Wizards,86,Brooklyn Nets,128,-42,-2.31,3.35
2022-11-04,Boston Celtics,123,Chicago Bulls,119,4,6.11,-0.91
2022-11-04,Memphis Grizzlies,130,Charlotte Hornets,99,31,4.2,-6.74
2022-11-04,San Antonio Spurs,106,Los Angeles Clippers,113,-7,-9.12,-0.89
2022-11-04,Dallas Mavericks,111,Toronto Raptors,110,1,2.45,1.11
2022-11-04,New Orleans Pelicans,114,Golden State Warriors,105,9,4.93,-0.6
2022-11-04,Minnesota Timberwolves,102,Milwaukee Bucks,115,-13,-1.43,2.75
2022-11-04,Phoenix Suns,106,Portland Trailblazers,108,-2,3.75,0.08
2022-11-04,Los Angeles Lakers,116,Utah Jazz,130,-14,-2.49,0.95
2022-11-03,Orlando Magic,130,Golden State Warriors,129,1,-2.56,-0.6
2022-11-03,Oklahoma City Thunder,110,Denver Nuggets,122,-12,-0.92,1.05
2022-11-02,Philadelphia 76ers,111,Washington Wizards,121,-10,3.57,-2.31
2022-11-02,Cleveland Cavaliers,114,Boston Celtics,113,1,5.46,6.11
2022-11-02,Miami Heat,110,Sacramento Kings,107,3,-1.78,1.49
2022-11-02,New York Knicks,99,Atlanta Hawks,112,-13,2.59,-0.43
2022-11-02,Chicago Bulls,106,Charlotte Hornets,88,18,-0.91,-6.74
2022-11-02,Houston Rockets,101,Los Angeles Clippers,109,-8,-5.06,-0.89
2022-11-02,Milwaukee Bucks,116,Detroit Pistons,91,25,2.75,-6.57
2022-11-02,San Antonio Spurs,100,Toronto Raptors,143,-43,-9.12,1.11
2022-11-02,Dallas Mavericks,103,Utah Jazz,100,3,2.45,0.95
2022-11-02,Portland Trailblazers,106,Memphis Grizzlies,111,-5,0.08,4.2
2022-11-02,Los Angeles Lakers,120,New Orleans Pelicans,117,3,-2.49,4.93
2022-11-01,Brooklyn Nets,99,Chicago Bulls,108,-9,3.35,-0.91
2022-11-01,Miami Heat,116,Golden State Warriors,109,7,-1.78,-0.6
2022-11-01,Oklahoma City Thunder,116,Orlando Magic,108,8,-0.92,-2.56
2022-11-01,Phoenix Suns,116,Minnesota Timberwolves,107,9,3.75,-1.43
2022-10-31,Charlotte Hornets,108,Sacramento Kings,115,-7,-6.74,1.49
2022-10-31,Washington Wizards,111,Philadelphia 76ers,118,-7,-2.31,3.57
2022-10-31,Brooklyn Nets,116,Indiana Pacers,109,7,3.35,-1.46
2022-10-31,Toronto Raptors,139,Atlanta Hawks,109,30,1.11,-0.43
2022-10-31,Milwaukee Bucks,110,Detroit Pistons,108,2,2.75,-6.57
2022-10-31,Utah Jazz,121,Memphis Grizzlies,105,16,0.95,4.2
2022-10-31,Los Angeles Clippers,95,Houston Rockets,93,2,-0.89,-5.06
2022-10-30,Los Angeles Clippers,91,New Orleans Pelicans,112,-21,-0.89,4.93
2022-10-30,Boston Celtics,112,Washington Wizards,94,18,6.11,-2.31
2022-10-30,Cleveland Cavaliers,121,New York Knicks,108,13,5.46,2.59
2022-10-30,Detroit Pistons,128,Golden State Warriors,114,14,-6.57,-0.6
2022-10-30,San Antonio Spurs,107,Minnesota Timberwolves,98,9,-9.12,-1.43
2022-10-30,Dallas Mavericks,114,Orlando Magic,105,9,2.45,-2.56
2022-10-30,Phoenix Suns,124,Houston Rockets,109,15,3.75,-5.06
2022-10-30,Los Angeles Lakers,121,Denver Nuggets,110,11,-2.49,1.05
2022-10-29,Sacramento Kings,119,Miami Heat,113,6,1.49,-1.78
2022-10-29,Charlotte Hornets,120,Golden State Warriors,113,7,-6.74,-0.6
2022-10-29,Brooklyn Nets,116,Indiana Pacers,125,-9,3.35,-1.46
2022-10-29,Chicago Bulls,109,Philadelphia 76ers,114,-5,-0.91,3.57
2022-10-29,Milwaukee Bucks,123,Atlanta Hawks,115,8,2.75,-0.43
2022-10-29,Dallas Mavericks,111,Oklahoma City Thunder,117,-6,2.45,-0.92
2022-10-29,Utah Jazz,124,Memphis Grizzlies,123,1,0.95,4.2
2022-10-28,Detroit Pistons,112,Atlanta Hawks,136,-24,-6.57,-0.43
2022-10-28,Orlando Magic,113,Charlotte Hornets,93,20,-2.56,-6.74
2022-10-28,Boston Celtics,123,Cleveland Cavaliers,132,-9,6.11,5.46
2022-10-28,Toronto Raptors,90,Philadelphia 76ers,112,-22,1.11,3.57
2022-10-28,Washington Wizards,117,Indiana Pacers,127,-10,-2.31,-1.46
2022-10-28,Milwaukee Bucks,119,New York Knicks,108,11,2.75,2.59
2022-10-28,Minnesota Timberwolves,111,Los Angeles Lakers,102,9,-1.43,-2.49
2022-10-28,San Antonio Spurs,129,Chicago Bulls,124,5,-9.12,-0.91
2022-10-28,Denver Nuggets,117,Utah Jazz,101,16,1.05,0.95
2022-10-28,Phoenix Suns,124,New Orleans Pelicans,111,13,3.75,4.93
2022-10-28,Portland Trailblazers,125,Houston Rockets,111,14,0.08,-5.06
2022-10-27,Brooklyn Nets,125,Dallas Mavericks,129,-4,3.35,2.45
2022-10-27,Oklahoma City Thunder,118,Los Angeles Clippers,110,8,-0.92,-0.89
2022-10-27,Golden State Warriors,123,Miami Heat,110,13,-0.6,-1.78
2022-10-27,Sacramento Kings,110,Memphis Grizzlies,125,-15,1.49,4.2
2022-10-26,Cleveland Cavaliers,103,Orlando Magic,92,11,5.46,-2.56
2022-10-26,Detroit Pistons,113,Atlanta Hawks,118,-5,-6.57,-0.43
2022-10-26,New York Knicks,134,Charlotte Hornets,131,3,2.59,-6.74
2022-10-26,Toronto Raptors,119,Philadelphia 76ers,109,10,1.11,3.57
2022-10-26,Milwaukee Bucks,110,Brooklyn Nets,99,11,2.75,3.35
2022-10-26,Chicago Bulls,124,Indiana Pacers,109,15,-0.91,-1.46
2022-10-26,Minnesota Timberwolves,134,San Antonio Spurs,122,12,-1.43,-9.12
2022-10-26,Utah Jazz,109,Houston Rockets,101,8,0.95,-5.06
2022-10-26,Denver Nuggets,110,Los Angeles Lakers,99,11,1.05,-2.49
2022-10-26,Portland Trailblazers,98,Miami Heat,119,-21,0.08,-1.78
2022-10-25,Washington Wizards,120,Detroit Pistons,99,21,-2.31,-6.57
2022-10-25,New Orleans Pelicans,113,Dallas Mavericks,111,2,4.93,2.45
2022-10-25,Oklahoma City Thunder,108,Los Angeles Clippers,94,14,-0.92,-0.89
2022-10-25,Phoenix Suns,134,Golden State Warriors,105,29,3.75,-0.6
2022-10-24,Philadelphia 76ers,120,Indiana Pacers,106,14,3.57,-1.46
2022-10-24,Miami Heat,90,Toronto Raptors,98,-8,-1.78,1.11
2022-10-24,New York Knicks,115,Orlando Magic,102,13,2.59,-2.56
2022-10-24,Chicago Bulls,120,Boston Celtics,102,18,-0.91,6.11
2022-10-24,Houston Rockets,114,Utah Jazz,108,6,-5.06,0.95
2022-10-24,Memphis Grizzlies,134,Brooklyn Nets,124,10,4.2,3.35
2022-10-24,Minnesota Timberwolves,106,San Antonio Spurs,115,-9,-1.43,-9.12
2022-10-24,Portland Trailblazers,135,Denver Nuggets,110,25,0.08,1.05
2022-10-23,Los Angeles Lakers,104,Portland Trailblazers,106,-2,-2.49,0.08
2022-10-23,Atlanta Hawks,109,Charlotte Hornets,126,-17,-0.43,-6.74
2022-10-23,Cleveland Cavaliers,117,Washington Wizards,107,10,5.46,-2.31
2022-10-23,New Orleans Pelicans,121,Utah Jazz,122,-1,4.93,0.95
2022-10-23,Oklahoma City Thunder,106,Minnesota Timberwolves,116,-10,-0.92,-1.43
2022-10-23,Golden State Warriors,130,Sacramento Kings,125,5,-0.6,1.49
2022-10-23,Los Angeles Clippers,95,Phoenix Suns,112,-17,-0.89,3.75
2022-10-22,Philadelphia 76ers,105,San Antonio Spurs,114,-9,3.57,-9.12
2022-10-22,Indiana Pacers,124,Detroit Pistons,115,9,-1.46,-6.57
2022-10-22,Orlando Magic,120,Boston Celtics,126,-6,-2.56,6.11
2022-10-22,Miami Heat,112,Toronto Raptors,109,3,-1.78,1.11
2022-10-22,Chicago Bulls,96,Cleveland Cavaliers,128,-32,-0.91,5.46
2022-10-22,Milwaukee Bucks,125,Houston Rockets,105,20,2.75,-5.06
2022-10-22,Dallas Mavericks,137,Memphis Grizzlies,96,41,2.45,4.2
2022-10-22,Denver Nuggets,122,Oklahoma City Thunder,117,5,1.05,-0.92
2022-10-22,Sacramento Kings,109,Los Angeles Clippers,111,-2,1.49,-0.89
2022-10-21,Charlotte Hornets,112,New Orleans Pelicans,124,-12,-6.74,4.93
2022-10-21,Indiana Pacers,134,San Antonio Spurs,137,-3,-1.46,-9.12
2022-10-21,Washington Wizards,102,Chicago Bulls,100,2,-2.31,-0.91
2022-10-21,Atlanta Hawks,108,Orlando Magic,98,10,-0.43,-2.56
2022-10-21,Brooklyn Nets,109,Toronto Raptors,105,4,3.35,1.11
2022-10-21,Miami Heat,104,Boston Celtics,111,-7,-1.78,6.11
2022-10-21,New York Knicks,130,Detroit Pistons,106,24,2.59,-6.57
2022-10-21,Houston Rockets,122,Memphis Grizzlies,129,-7,-5.06,4.2
2022-10-21,Minnesota Timberwolves,126,Utah Jazz,132,-6,-1.43,0.95
2022-10-21,Golden State Warriors,123,Denver Nuggets,128,-5,-0.6,1.05
2022-10-21,Portland Trailblazers,113,Phoenix Suns,111,2,0.08,3.75
2022-10-20,Philadelphia 76ers,88,Milwaukee Bucks,90,-2,3.57,2.75
2022-10-20,Los Angeles Lakers,97,Los Angeles Clippers,103,-6,-2.49,-0.89
2022-10-19,Detroit Pistons,113,Orlando Magic,109,4,-6.57,-2.56
2022-10-19,Indiana Pacers,107,Washington Wizards,114,-7,-1.46,-2.31
2022-10-19,Atlanta Hawks,117,Houston Rockets,107,10,-0.43,-5.06
2022-10-19,Brooklyn Nets,108,New Orleans Pelicans,130,-22,3.35,4.93
2022-10-19,Miami Heat,108,Chicago Bulls,116,-8,-1.78,-0.91
2022-10-19,Toronto Raptors,108,Cleveland Cavaliers,105,3,1.11,5.46
2022-10-19,Memphis Grizzlies,115,New York Knicks,112,3,4.2,2.59
2022-10-19,Minnesota Timberwolves,115,Oklahoma City Thunder,108,7,-1.43,-0.92
2022-10-19,San Antonio Spurs,102,Charlotte Hornets,129,-27,-9.12,-6.74
2022-10-19,Utah Jazz,123,Denver Nuggets,102,21,0.95,1.05
2022-10-19,Phoenix Suns,107,Dallas Mavericks,105,2,3.75,2.45
2022-10-19,Sacramento Kings,108,Portland Trailblazers,115,-7,1.49,0.08
2022-10-18,Boston Celtics,126,Philadelphia 76ers,117,9,6.11,3.57
2022-10-18,Golden State Warriors,123,Los Angeles Lakers,109,14,-0.6,-2.49
2022-10-14,Indiana Pacers,114,Houston Rockets,122,-8,-1.46,-5.06
2022-10-14,Orlando Magic,114,Cleveland Cavaliers,108,6,-2.56,5.46
2022-10-14,Toronto Raptors,137,Boston Celtics,134,3,1.11,6.11
2022-10-14,New York Knicks,105,Washington Wizards,89,16,2.59,-2.31
2022-10-14,Minnesota Timberwolves,102,Brooklyn Nets,112,-10,-1.43,3.35
2022-10-14,New Orleans Pelicans,120,Atlanta Hawks,111,9,4.93,-0.43
2022-10-14,Utah Jazz,101,Dallas Mavericks,115,-14,0.95,2.45
2022-10-14,Golden State Warriors,112,Denver Nuggets,119,-7,-0.6,1.05
2022-10-14,Sacramento Kings,133,Los Angeles Lakers,86,47,1.49,-2.49
2022-10-13,Detroit Pistons,111,Memphis Grizzlies,126,-15,-6.57,4.2
2022-10-13,San Antonio Spurs,112,Oklahoma City Thunder,118,-6,-9.12,-0.92
2022-10-12,Cleveland Cavaliers,105,Atlanta Hawks,99,6,5.46,-0.43
2022-10-12,Indiana Pacers,109,New York Knicks,100,9,-1.46,2.59
2022-10-12,Philadelphia 76ers,99,Charlotte Hornets,94,5,3.57,-6.74
2022-10-12,Miami Heat,120,New Orleans Pelicans,103,17,-1.78,4.93
2022-10-12,Milwaukee Bucks,97,Brooklyn Nets,107,-10,2.75,3.35
2022-10-12,Los Angeles Lakers,113,Minnesota Timberwolves,118,-5,-2.49,-1.43
2022-10-12,Phoenix Suns,104,Sacramento Kings,105,-1,3.75,1.49
2022-10-12,Los Angeles Clippers,115,Denver Nuggets,126,-11,-0.89,1.05
2022-10-11,Detroit Pistons,99,Oklahoma City Thunder,115,-16,-6.57,-0.92
2022-10-11,Orlando Magic,109,Memphis Grizzlies,105,4,-2.56,4.2
2022-10-11,Chicago Bulls,127,Milwaukee Bucks,104,23,-0.91,2.75
2022-10-11,Utah Jazz,104,San Antonio Spurs,111,-7,0.95,-9.12
2022-10-11,Golden State Warriors,131,Portland Trailblazers,98,33,-0.6,0.08
2022-10-10,Charlotte Hornets,107,Washington Wizards,116,-9,-6.74,-2.31
2022-10-10,Cleveland Cavaliers,97,Philadelphia 76ers,113,-16,5.46,3.57
2022-10-10,Miami Heat,118,Houston Rockets,110,8,-1.78,-5.06
2022-10-10,Denver Nuggets,107,Phoenix Suns,105,2,1.05,3.75
2022-10-09,Toronto Raptors,98,Chicago Bulls,115,-17,1.11,-0.91
2022-10-09,San Antonio Spurs,97,New Orleans Pelicans,111,-14,-9.12,4.93
2022-10-09,Golden State Warriors,121,Los Angeles Lakers,124,-3,-0.6,-2.49
2022-10-09,Sacramento Kings,126,Portland Trailblazers,94,32,1.49,0.08
2022-10-09,Los Angeles Clippers,117,Minnesota Timberwolves,119,-2,-0.89,-1.43
2022-10-08,Milwaukee Bucks,109,Atlanta Hawks,118,-9,2.75,-0.43
2022-10-07,Charlotte Hornets,103,Boston Celtics,112,-9,-6.74,6.11
2022-10-07,New York Knicks,131,Indiana Pacers,114,17,2.59,-1.46
2022-10-07,Chicago Bulls,131,Denver Nuggets,113,18,-0.91,1.05
2022-10-07,Houston Rockets,116,Toronto Raptors,100,16,-5.06,1.11
2022-10-07,Memphis Grizzlies,108,Miami Heat,111,-3,4.2,-1.78
2022-10-07,New Orleans Pelicans,107,Detroit Pistons,101,6,4.93,-6.57
2022-10-07,Dallas Mavericks,105,Orlando Magic,110,-5,2.45,-2.56
2022-10-06,Atlanta Hawks,123,Milwaukee Bucks,113,10,-0.43,2.75
2022-10-06,Brooklyn Nets,80,Miami Heat,109,-29,3.35,-1.78
2022-10-06,San Antonio Spurs,99,Orlando Magic,102,-3,-9.12,-2.56
2022-10-06,Los Angeles Lakers,99,Minnesota Timberwolves,114,-15,-2.49,-1.43
2022-10-05,Charlotte Hornets,97,Indiana Pacers,122,-25,-6.74,-1.46
2022-10-05,Philadelphia 76ers,113,Cleveland Cavaliers,112,1,3.57,5.46
2022-10-05,Boston Celtics,119,Toronto Raptors,125,-6,6.11,1.11
2022-10-05,Oklahoma City Thunder,96,Dallas Mavericks,98,-2,-0.92,2.45
2022-10-05,Los Angeles Lakers,115,Phoenix Suns,119,-4,-2.49,3.75
2022-10-04,New York Knicks,117,Detroit Pistons,96,21,2.59,-6.57
2022-10-04,Miami Heat,111,Minnesota Timberwolves,121,-10,-1.78,-1.43
2022-10-04,Chicago Bulls,125,New Orleans Pelicans,129,-4,-0.91,4.93
2022-10-04,Portland Trailblazers,101,Utah Jazz,118,-17,0.08,0.95
2022-10-03,Brooklyn Nets,108,Philadelphia 76ers,127,-19,3.35,3.57
2022-10-03,Memphis Grizzlies,109,Orlando Magic,97,12,4.2,-2.56
2022-10-03,Denver Nuggets,101,Oklahoma City Thunder,112,-11,1.05,-0.92
2022-10-03,Los Angeles Lakers,75,Sacramento Kings,105,-30,-2.49,1.49
2022-10-03,Los Angeles Clippers,102,Portland Trailblazers,97,5,-0.89,0.08
2022-10-02,Golden State Warriors,104,Washington Wizards,95,9,-0.6,-2.31
2022-10-02,Boston Celtics,134,Charlotte Hornets,93,41,6.11,-6.74
2022-10-02,Toronto Raptors,114,Utah Jazz,82,32,1.11,0.95
2022-10-02,Houston Rockets,134,San Antonio Spurs,96,38,-5.06,-9.12
2022-10-01,Milwaukee Bucks,102,Memphis Grizzlies,107,-5,2.75,4.2
2022-09-30,Washington Wizards,87,Golden State Warriors,96,-9,-2.31,-0.6